{
  "id": "edddf873-a64a-4c39-9f6e-551ce0be68fb",
  "timestamp": "2025-08-18T15:40:47.497Z",
  "input": {
    "property": {
      "type": "urban",
      "lotSize": 638,
      "zoning": "R2"
    },
    "proposal": {
      "structureType": "patio",
      "height": 5,
      "floorArea": 54,
      "distanceFromBoundary": 53
    }
  },
  "output": {
    "recommendation": "not_exempt",
    "reasoning": "Proposal does not meet SEPP Part 2 criteria for exempt development",
    "clauses": [
      "SEPP Part 2, Clause 2.13(c)",
      "SEPP Part 2, Clause 2.13(d)"
    ],
    "conditions": [
      "✓ Boundary setback (53m) meets minimum requirement",
      "✓ Lot size (638m²) meets minimum requirement"
    ],
    "failedConditions": [
      "✗ Structure height (5m) exceeds height limit",
      "✗ Floor area (54m²) exceeds area limit"
    ]
  },
  "ip": "::1",
  "userAgent": "Mozilla/5.0 (Macintosh; Intel Mac OS X 10_15_7) AppleWebKit/537.36 (KHTML, like Gecko) Chrome/139.0.0.0 Safari/537.36"
}