{
  "id": "f05d4d52-ae6b-4faf-931f-af77f0f7354a",
  "timestamp": "2025-08-18T15:24:12.972Z",
  "input": {
    "property": {
      "type": "rural",
      "lotSize": 800,
      "zoning": "R2"
    },
    "proposal": {
      "structureType": "patio",
      "height": 4.2,
      "floorArea": 70,
      "distanceFromBoundary": 2.4
    }
  },
  "output": {
    "recommendation": "not_exempt",
    "reasoning": "Proposal does not meet SEPP Part 2 criteria for exempt development",
    "clauses": [
      "SEPP Part 2, Clause 2.13(c)",
      "SEPP Part 2, Clause 2.13(d)"
    ],
    "conditions": [
      "✓ Boundary setback (2.4m) meets minimum requirement",
      "✓ Lot size (800m²) meets minimum requirement"
    ],
    "failedConditions": [
      "✗ Structure height (4.2m) exceeds height limit",
      "✗ Floor area (70m²) exceeds area limit"
    ]
  },
  "ip": "::1",
  "userAgent": "Mozilla/5.0 (Macintosh; Intel Mac OS X 10_15_7) AppleWebKit/537.36 (KHTML, like Gecko) Chrome/139.0.0.0 Safari/537.36"
}